[{"model": "admin.logentry", "pk": 1, "fields": {"action_time": "2025-07-04T22:24:22.744", "user": 6, "content_type": 3, "object_id": "1", "object_repr": "common", "action_flag": 1, "change_message": "[{\"added\": {}}]"}}, {"model": "admin.logentry", "pk": 2, "fields": {"action_time": "2025-07-04T22:25:54.095", "user": 6, "content_type": 3, "object_id": "2", "object_repr": "author", "action_flag": 1, "change_message": "[{\"added\": {}}]"}}, {"model": "admin.logentry", "pk": 3, "fields": {"action_time": "2025-07-04T22:26:23.276", "user": 6, "content_type": 3, "object_id": "1", "object_repr": "common", "action_flag": 2, "change_message": "[{\"changed\": {\"fields\": [\"Permissions\"]}}]"}}, {"model": "admin.logentry", "pk": 4, "fields": {"action_time": "2025-07-04T23:37:37.862", "user": 6, "content_type": 4, "object_id": "6", "object_repr": "admin", "action_flag": 2, "change_message": "[{\"changed\": {\"fields\": [\"Groups\"]}}]"}}, {"model": "admin.logentry", "pk": 5, "fields": {"action_time": "2025-07-06T13:20:19.563", "user": 6, "content_type": 3, "object_id": "2", "object_repr": "authors", "action_flag": 2, "change_message": "[{\"changed\": {\"fields\": [\"Name\"]}}]"}}, {"model": "admin.logentry", "pk": 6, "fields": {"action_time": "2025-07-06T20:04:58.598", "user": 6, "content_type": 3, "object_id": "2", "object_repr": "authors", "action_flag": 2, "change_message": "[{\"changed\": {\"fields\": [\"Permissions\"]}}]"}}, {"model": "admin.logentry", "pk": 7, "fields": {"action_time": "2025-07-13T19:20:12.138", "user": 6, "content_type": 4, "object_id": "11", "object_repr": "test6", "action_flag": 3, "change_message": ""}}, {"model": "admin.logentry", "pk": 8, "fields": {"action_time": "2025-07-13T19:20:53.281", "user": 6, "content_type": 4, "object_id": "12", "object_repr": "test7", "action_flag": 3, "change_message": ""}}, {"model": "admin.logentry", "pk": 9, "fields": {"action_time": "2025-07-17T20:09:10.900", "user": 6, "content_type": 7, "object_id": "31", "object_repr": "Новый пост через админ панель: Новый пост для проверки отправки письма через сигналы.", "action_flag": 1, "change_message": "[{\"added\": {}}, {\"added\": {\"name\": \"post category\", \"object\": \"PostCategory object (28)\"}}]"}}, {"model": "admin.logentry", "pk": 10, "fields": {"action_time": "2025-07-27T13:44:55.012", "user": 6, "content_type": 7, "object_id": "56", "object_repr": "Новый пост для проверки кэш: Добавляю пост через админ панель. Он не должен отобразиться в списке всех новостей.", "action_flag": 1, "change_message": "[{\"added\": {}}, {\"added\": {\"name\": \"post category\", \"object\": \"PostCategory object (58)\"}}]"}}, {"model": "admin.logentry", "pk": 11, "fields": {"action_time": "2025-07-27T13:45:39.646", "user": 6, "content_type": 7, "object_id": "57", "object_repr": "сыамвамивап: вапвап", "action_flag": 1, "change_message": "[{\"added\": {}}, {\"added\": {\"name\": \"post category\", \"object\": \"PostCategory object (59)\"}}]"}}, {"model": "admin.logentry", "pk": 12, "fields": {"action_time": "2025-07-27T13:47:01.955", "user": 6, "content_type": 7, "object_id": "57", "object_repr": "Обнавляю пост: Чтобы проверить кеширование одного поста.", "action_flag": 2, "change_message": "[{\"changed\": {\"fields\": [\"Title\", \"Text news\"]}}]"}}, {"model": "admin.logentry", "pk": 13, "fields": {"action_time": "2025-07-27T13:47:34.022", "user": 6, "content_type": 7, "object_id": "57", "object_repr": "Обнавляю пост апап: Чтобы проверить кеширование одного поста.", "action_flag": 2, "change_message": "[{\"changed\": {\"fields\": [\"Title\"]}}]"}}, {"model": "admin.logentry", "pk": 14, "fields": {"action_time": "2025-07-27T13:48:42.869", "user": 6, "content_type": 7, "object_id": "57", "object_repr": "Обнавляю пост: Чтобы проверить кеширование одного поста.\r\nВ течении 5 минут, я не должен этого видеть.", "action_flag": 2, "change_message": "[{\"changed\": {\"fields\": [\"Title\", \"Text news\"]}}]"}}, {"model": "auth.permission", "pk": 1, "fields": {"name": "Can add log entry", "content_type": 1, "codename": "add_logentry"}}, {"model": "auth.permission", "pk": 2, "fields": {"name": "Can change log entry", "content_type": 1, "codename": "change_logentry"}}, {"model": "auth.permission", "pk": 3, "fields": {"name": "Can delete log entry", "content_type": 1, "codename": "delete_logentry"}}, {"model": "auth.permission", "pk": 4, "fields": {"name": "Can view log entry", "content_type": 1, "codename": "view_logentry"}}, {"model": "auth.permission", "pk": 5, "fields": {"name": "Can add permission", "content_type": 2, "codename": "add_permission"}}, {"model": "auth.permission", "pk": 6, "fields": {"name": "Can change permission", "content_type": 2, "codename": "change_permission"}}, {"model": "auth.permission", "pk": 7, "fields": {"name": "Can delete permission", "content_type": 2, "codename": "delete_permission"}}, {"model": "auth.permission", "pk": 8, "fields": {"name": "Can view permission", "content_type": 2, "codename": "view_permission"}}, {"model": "auth.permission", "pk": 9, "fields": {"name": "Can add group", "content_type": 3, "codename": "add_group"}}, {"model": "auth.permission", "pk": 10, "fields": {"name": "Can change group", "content_type": 3, "codename": "change_group"}}, {"model": "auth.permission", "pk": 11, "fields": {"name": "Can delete group", "content_type": 3, "codename": "delete_group"}}, {"model": "auth.permission", "pk": 12, "fields": {"name": "Can view group", "content_type": 3, "codename": "view_group"}}, {"model": "auth.permission", "pk": 13, "fields": {"name": "Can add user", "content_type": 4, "codename": "add_user"}}, {"model": "auth.permission", "pk": 14, "fields": {"name": "Can change user", "content_type": 4, "codename": "change_user"}}, {"model": "auth.permission", "pk": 15, "fields": {"name": "Can delete user", "content_type": 4, "codename": "delete_user"}}, {"model": "auth.permission", "pk": 16, "fields": {"name": "Can view user", "content_type": 4, "codename": "view_user"}}, {"model": "auth.permission", "pk": 17, "fields": {"name": "Can add content type", "content_type": 5, "codename": "add_contenttype"}}, {"model": "auth.permission", "pk": 18, "fields": {"name": "Can change content type", "content_type": 5, "codename": "change_contenttype"}}, {"model": "auth.permission", "pk": 19, "fields": {"name": "Can delete content type", "content_type": 5, "codename": "delete_contenttype"}}, {"model": "auth.permission", "pk": 20, "fields": {"name": "Can view content type", "content_type": 5, "codename": "view_contenttype"}}, {"model": "auth.permission", "pk": 21, "fields": {"name": "Can add session", "content_type": 6, "codename": "add_session"}}, {"model": "auth.permission", "pk": 22, "fields": {"name": "Can change session", "content_type": 6, "codename": "change_session"}}, {"model": "auth.permission", "pk": 23, "fields": {"name": "Can delete session", "content_type": 6, "codename": "delete_session"}}, {"model": "auth.permission", "pk": 24, "fields": {"name": "Can view session", "content_type": 6, "codename": "view_session"}}, {"model": "auth.permission", "pk": 25, "fields": {"name": "Can add post", "content_type": 7, "codename": "add_post"}}, {"model": "auth.permission", "pk": 26, "fields": {"name": "Can change post", "content_type": 7, "codename": "change_post"}}, {"model": "auth.permission", "pk": 27, "fields": {"name": "Can delete post", "content_type": 7, "codename": "delete_post"}}, {"model": "auth.permission", "pk": 28, "fields": {"name": "Can view post", "content_type": 7, "codename": "view_post"}}, {"model": "auth.permission", "pk": 29, "fields": {"name": "Can add author", "content_type": 8, "codename": "add_author"}}, {"model": "auth.permission", "pk": 30, "fields": {"name": "Can change author", "content_type": 8, "codename": "change_author"}}, {"model": "auth.permission", "pk": 31, "fields": {"name": "Can delete author", "content_type": 8, "codename": "delete_author"}}, {"model": "auth.permission", "pk": 32, "fields": {"name": "Can view author", "content_type": 8, "codename": "view_author"}}, {"model": "auth.permission", "pk": 33, "fields": {"name": "Can add comment", "content_type": 9, "codename": "add_comment"}}, {"model": "auth.permission", "pk": 34, "fields": {"name": "Can change comment", "content_type": 9, "codename": "change_comment"}}, {"model": "auth.permission", "pk": 35, "fields": {"name": "Can delete comment", "content_type": 9, "codename": "delete_comment"}}, {"model": "auth.permission", "pk": 36, "fields": {"name": "Can view comment", "content_type": 9, "codename": "view_comment"}}, {"model": "auth.permission", "pk": 37, "fields": {"name": "Can add post category", "content_type": 10, "codename": "add_postcategory"}}, {"model": "auth.permission", "pk": 38, "fields": {"name": "Can change post category", "content_type": 10, "codename": "change_postcategory"}}, {"model": "auth.permission", "pk": 39, "fields": {"name": "Can delete post category", "content_type": 10, "codename": "delete_postcategory"}}, {"model": "auth.permission", "pk": 40, "fields": {"name": "Can view post category", "content_type": 10, "codename": "view_postcategory"}}, {"model": "auth.permission", "pk": 41, "fields": {"name": "Can add category", "content_type": 11, "codename": "add_category"}}, {"model": "auth.permission", "pk": 42, "fields": {"name": "Can change category", "content_type": 11, "codename": "change_category"}}, {"model": "auth.permission", "pk": 43, "fields": {"name": "Can delete category", "content_type": 11, "codename": "delete_category"}}, {"model": "auth.permission", "pk": 44, "fields": {"name": "Can view category", "content_type": 11, "codename": "view_category"}}, {"model": "auth.permission", "pk": 45, "fields": {"name": "Can add email address", "content_type": 12, "codename": "add_emailaddress"}}, {"model": "auth.permission", "pk": 46, "fields": {"name": "Can change email address", "content_type": 12, "codename": "change_emailaddress"}}, {"model": "auth.permission", "pk": 47, "fields": {"name": "Can delete email address", "content_type": 12, "codename": "delete_emailaddress"}}, {"model": "auth.permission", "pk": 48, "fields": {"name": "Can view email address", "content_type": 12, "codename": "view_emailaddress"}}, {"model": "auth.permission", "pk": 49, "fields": {"name": "Can add email confirmation", "content_type": 13, "codename": "add_emailconfirmation"}}, {"model": "auth.permission", "pk": 50, "fields": {"name": "Can change email confirmation", "content_type": 13, "codename": "change_emailconfirmation"}}, {"model": "auth.permission", "pk": 51, "fields": {"name": "Can delete email confirmation", "content_type": 13, "codename": "delete_emailconfirmation"}}, {"model": "auth.permission", "pk": 52, "fields": {"name": "Can view email confirmation", "content_type": 13, "codename": "view_emailconfirmation"}}, {"model": "auth.permission", "pk": 53, "fields": {"name": "Can add social account", "content_type": 14, "codename": "add_socialaccount"}}, {"model": "auth.permission", "pk": 54, "fields": {"name": "Can change social account", "content_type": 14, "codename": "change_socialaccount"}}, {"model": "auth.permission", "pk": 55, "fields": {"name": "Can delete social account", "content_type": 14, "codename": "delete_socialaccount"}}, {"model": "auth.permission", "pk": 56, "fields": {"name": "Can view social account", "content_type": 14, "codename": "view_socialaccount"}}, {"model": "auth.permission", "pk": 57, "fields": {"name": "Can add social application", "content_type": 15, "codename": "add_socialapp"}}, {"model": "auth.permission", "pk": 58, "fields": {"name": "Can change social application", "content_type": 15, "codename": "change_socialapp"}}, {"model": "auth.permission", "pk": 59, "fields": {"name": "Can delete social application", "content_type": 15, "codename": "delete_socialapp"}}, {"model": "auth.permission", "pk": 60, "fields": {"name": "Can view social application", "content_type": 15, "codename": "view_socialapp"}}, {"model": "auth.permission", "pk": 61, "fields": {"name": "Can add social application token", "content_type": 16, "codename": "add_socialtoken"}}, {"model": "auth.permission", "pk": 62, "fields": {"name": "Can change social application token", "content_type": 16, "codename": "change_socialtoken"}}, {"model": "auth.permission", "pk": 63, "fields": {"name": "Can delete social application token", "content_type": 16, "codename": "delete_socialtoken"}}, {"model": "auth.permission", "pk": 64, "fields": {"name": "Can view social application token", "content_type": 16, "codename": "view_socialtoken"}}, {"model": "auth.permission", "pk": 65, "fields": {"name": "Can add users category", "content_type": 17, "codename": "add_userscategory"}}, {"model": "auth.permission", "pk": 66, "fields": {"name": "Can change users category", "content_type": 17, "codename": "change_userscategory"}}, {"model": "auth.permission", "pk": 67, "fields": {"name": "Can delete users category", "content_type": 17, "codename": "delete_userscategory"}}, {"model": "auth.permission", "pk": 68, "fields": {"name": "Can view users category", "content_type": 17, "codename": "view_userscategory"}}, {"model": "auth.permission", "pk": 69, "fields": {"name": "Can add site", "content_type": 18, "codename": "add_site"}}, {"model": "auth.permission", "pk": 70, "fields": {"name": "Can change site", "content_type": 18, "codename": "change_site"}}, {"model": "auth.permission", "pk": 71, "fields": {"name": "Can delete site", "content_type": 18, "codename": "delete_site"}}, {"model": "auth.permission", "pk": 72, "fields": {"name": "Can view site", "content_type": 18, "codename": "view_site"}}, {"model": "auth.permission", "pk": 73, "fields": {"name": "Can add django job", "content_type": 19, "codename": "add_djangojob"}}, {"model": "auth.permission", "pk": 74, "fields": {"name": "Can change django job", "content_type": 19, "codename": "change_djangojob"}}, {"model": "auth.permission", "pk": 75, "fields": {"name": "Can delete django job", "content_type": 19, "codename": "delete_djangojob"}}, {"model": "auth.permission", "pk": 76, "fields": {"name": "Can view django job", "content_type": 19, "codename": "view_djangojob"}}, {"model": "auth.permission", "pk": 77, "fields": {"name": "Can add django job execution", "content_type": 20, "codename": "add_djangojobexecution"}}, {"model": "auth.permission", "pk": 78, "fields": {"name": "Can change django job execution", "content_type": 20, "codename": "change_djangojobexecution"}}, {"model": "auth.permission", "pk": 79, "fields": {"name": "Can delete django job execution", "content_type": 20, "codename": "delete_djangojobexecution"}}, {"model": "auth.permission", "pk": 80, "fields": {"name": "Can view django job execution", "content_type": 20, "codename": "view_djangojobexecution"}}, {"model": "auth.group", "pk": 1, "fields": {"name": "common", "permissions": [32, 33, 36, 28, 40]}}, {"model": "auth.group", "pk": 2, "fields": {"name": "authors", "permissions": [42, 25, 26, 27, 37, 38, 40]}}, {"model": "auth.user", "pk": 3, "fields": {"password": "!oPH3y3LtOSfPnK3iGjLdyLbo108bIGZFWAwHvRbn", "last_login": null, "is_superuser": false, "username": "user1", "first_name": "", "last_name": "", "email": "", "is_staff": false, "is_active": true, "date_joined": "2025-06-08T20:16:30.552", "groups": [], "user_permissions": []}}, {"model": "auth.user", "pk": 4, "fields": {"password": "!57RqLqu2ttpJtRKtQQOFn5ZgkLSgfOnaqk90eJ5p", "last_login": null, "is_superuser": false, "username": "user2", "first_name": "", "last_name": "", "email": "", "is_staff": false, "is_active": true, "date_joined": "2025-06-08T20:16:42.094", "groups": [], "user_permissions": []}}, {"model": "auth.user", "pk": 5, "fields": {"password": "!WCz6FN1i6PyuBeMKoQ9OXBGiCgLfKOgbnCJ6FItS", "last_login": "2025-06-30T21:38:23.834", "is_superuser": false, "username": "user", "first_name": "Антон", "last_name": "Коваленко", "email": "", "is_staff": false, "is_active": true, "date_joined": "2025-06-30T21:29:49.501", "groups": [], "user_permissions": []}}, {"model": "auth.user", "pk": 6, "fields": {"password": "pbkdf2_sha256$1000000$rg4cOB2hxawijUHgsJTOx7$qUfbaYDY6TyTMEEPAIBklFDTFiCHi9HrW9FpeNElKHk=", "last_login": "2025-07-27T13:43:48.169", "is_superuser": true, "username": "admin", "first_name": "", "last_name": "", "email": "", "is_staff": true, "is_active": true, "date_joined": "2025-06-30T21:34:44", "groups": [2], "user_permissions": []}}, {"model": "auth.user", "pk": 7, "fields": {"password": "pbkdf2_sha256$1000000$HkZGKGAReWQHPTU0glY4PP$bRtFzBnQrPW0w7bPdJxwLc6zcyTMklES1BWqUf3wZ4o=", "last_login": "2025-07-04T22:34:33.685", "is_superuser": false, "username": "test1", "first_name": "", "last_name": "", "email": "", "is_staff": false, "is_active": true, "date_joined": "2025-07-04T22:33:10.553", "groups": [], "user_permissions": []}}, {"model": "auth.user", "pk": 8, "fields": {"password": "pbkdf2_sha256$1000000$kXiYwvNM3RtijP2A6BTnPk$HK+NjvMUuL7P8tKvYw0rohKtUU+FWzy3PzOeZydybLI=", "last_login": "2025-07-10T20:54:38.574", "is_superuser": false, "username": "test2", "first_name": "", "last_name": "", "email": "", "is_staff": false, "is_active": true, "date_joined": "2025-07-04T22:42:37.675", "groups": [1, 2], "user_permissions": []}}, {"model": "auth.user", "pk": 9, "fields": {"password": "pbkdf2_sha256$1000000$A3Uoetp86KcvhJO5EmV9uZ$xRPBMJGh7qB0GTt8MNIM+4I+u8odEDxuMVCpoGtEJ4g=", "last_login": "2025-07-06T13:21:20.753", "is_superuser": false, "username": "test3", "first_name": "", "last_name": "", "email": "", "is_staff": false, "is_active": true, "date_joined": "2025-07-06T13:21:20.372", "groups": [1, 2], "user_permissions": []}}, {"model": "auth.user", "pk": 10, "fields": {"password": "pbkdf2_sha256$1000000$RJTW0xcn33rVlZ9rBvSA34$yBm4e1XOQHgbLeyqRFfaiTR6l4wuZD2ROII5bGp0+U4=", "last_login": "2025-07-13T12:08:13.219", "is_superuser": false, "username": "test5", "first_name": "", "last_name": "", "email": "", "is_staff": false, "is_active": true, "date_joined": "2025-07-13T12:08:12.793", "groups": [1], "user_permissions": []}}, {"model": "auth.user", "pk": 13, "fields": {"password": "pbkdf2_sha256$1000000$d9QHehWDCMjCG2zVB7d3Js$H+CvsUKFua/MXth2lohsgv9IpGXwS91kyusNAjenWN8=", "last_login": "2025-07-13T19:21:30.573", "is_superuser": false, "username": "test6", "first_name": "", "last_name": "", "email": "", "is_staff": false, "is_active": true, "date_joined": "2025-07-13T19:21:28.410", "groups": [1], "user_permissions": []}}, {"model": "auth.user", "pk": 14, "fields": {"password": "pbkdf2_sha256$1000000$zozj8ZQevKC8zn9GP8TsU5$NnujIREm8x2YbN63yQzvWsGTwUP1UiBuvQoZeocLSmY=", "last_login": "2025-07-13T22:14:39.771", "is_superuser": false, "username": "test7", "first_name": "", "last_name": "", "email": "", "is_staff": false, "is_active": true, "date_joined": "2025-07-13T22:14:37.654", "groups": [1], "user_permissions": []}}, {"model": "auth.user", "pk": 15, "fields": {"password": "pbkdf2_sha256$1000000$cioLpvlXTUQBQ6ordS5UlW$lYNHUpEi49N4vb5Wy8eSExnADv3NjJ2cU+FRTzB42TA=", "last_login": "2025-07-17T20:07:22.860", "is_superuser": false, "username": "test8", "first_name": "", "last_name": "", "email": "", "is_staff": false, "is_active": true, "date_joined": "2025-07-17T20:07:21.086", "groups": [1], "user_permissions": []}}, {"model": "auth.user", "pk": 16, "fields": {"password": "pbkdf2_sha256$1000000$X3xS3B49wSTUoRHdgY7NRD$cIYgQjhAIizZ+6SZi80gk85IfIHOJo7uyQy7s2/b57U=", "last_login": "2025-07-18T16:55:28.180", "is_superuser": false, "username": "test9", "first_name": "", "last_name": "", "email": "", "is_staff": false, "is_active": true, "date_joined": "2025-07-18T16:55:26.526", "groups": [1], "user_permissions": []}}, {"model": "auth.user", "pk": 17, "fields": {"password": "pbkdf2_sha256$1000000$bNg5Jd6cETI0dHHlP0PtXq$TfvaZMeUlG8sSPccv7TLdHZ114Rx0Ul0MHkuwdvGsxM=", "last_login": "2025-07-19T12:23:02.876", "is_superuser": false, "username": "test11", "first_name": "", "last_name": "", "email": "5l1q1@mechanicspedia.com", "is_staff": false, "is_active": true, "date_joined": "2025-07-19T12:23:00.688", "groups": [1], "user_permissions": []}}, {"model": "auth.user", "pk": 18, "fields": {"password": "pbkdf2_sha256$1000000$y5k1huRJ54SSAGEtZq7wDZ$NeYbRcfeDqL4bUB7zxki38CfIm4Yiab8LZdH9UIjdGc=", "last_login": "2025-07-19T13:20:11.016", "is_superuser": false, "username": "test10", "first_name": "", "last_name": "", "email": "kvzyu@mechanicspedia.com", "is_staff": false, "is_active": true, "date_joined": "2025-07-19T13:20:08.883", "groups": [1], "user_permissions": []}}, {"model": "contenttypes.contenttype", "pk": 1, "fields": {"app_label": "admin", "model": "logentry"}}, {"model": "contenttypes.contenttype", "pk": 2, "fields": {"app_label": "auth", "model": "permission"}}, {"model": "contenttypes.contenttype", "pk": 3, "fields": {"app_label": "auth", "model": "group"}}, {"model": "contenttypes.contenttype", "pk": 4, "fields": {"app_label": "auth", "model": "user"}}, {"model": "contenttypes.contenttype", "pk": 5, "fields": {"app_label": "contenttypes", "model": "contenttype"}}, {"model": "contenttypes.contenttype", "pk": 6, "fields": {"app_label": "sessions", "model": "session"}}, {"model": "contenttypes.contenttype", "pk": 7, "fields": {"app_label": "posts", "model": "post"}}, {"model": "contenttypes.contenttype", "pk": 8, "fields": {"app_label": "posts", "model": "author"}}, {"model": "contenttypes.contenttype", "pk": 9, "fields": {"app_label": "posts", "model": "comment"}}, {"model": "contenttypes.contenttype", "pk": 10, "fields": {"app_label": "posts", "model": "postcategory"}}, {"model": "contenttypes.contenttype", "pk": 11, "fields": {"app_label": "posts", "model": "category"}}, {"model": "contenttypes.contenttype", "pk": 12, "fields": {"app_label": "account", "model": "emailaddress"}}, {"model": "contenttypes.contenttype", "pk": 13, "fields": {"app_label": "account", "model": "emailconfirmation"}}, {"model": "contenttypes.contenttype", "pk": 14, "fields": {"app_label": "socialaccount", "model": "socialaccount"}}, {"model": "contenttypes.contenttype", "pk": 15, "fields": {"app_label": "socialaccount", "model": "socialapp"}}, {"model": "contenttypes.contenttype", "pk": 16, "fields": {"app_label": "socialaccount", "model": "socialtoken"}}, {"model": "contenttypes.contenttype", "pk": 17, "fields": {"app_label": "posts", "model": "userscategory"}}, {"model": "contenttypes.contenttype", "pk": 18, "fields": {"app_label": "sites", "model": "site"}}, {"model": "contenttypes.contenttype", "pk": 19, "fields": {"app_label": "django_apscheduler", "model": "djangojob"}}, {"model": "contenttypes.contenttype", "pk": 20, "fields": {"app_label": "django_apscheduler", "model": "djangojobexecution"}}, {"model": "sessions.session", "pk": "0lc9rcv1rz9mneyvrqmlq3ms3l5dveiq", "fields": {"session_data": ".eJxVj7tuwzAMAP-Fs2EoeliSx-79gqIwGJGu1dZSYMlogiD_3qjNko3gHQ_gFTCEvKc64V4XTjUGrDGnaeW6ZCowvl3hf4YRTljKT94IOsAK48Ea6aV1UvRm0MZ718FeeEu48t1GWmOC23sHf_GpoSm2zgBPuyOGL04N0Cemj9yHnOoWj31T-gct_Wsm_n55uE-BBctyv9YhKCEGlqikJR8EW1Le-1kZQwcVLHqSjp1WZKyY9UyaZ22GQMLN0mOLFi6l_c_nU9wuMIrbL0l0YEQ:1ud6bM:w4zVBAEJ8Si-z2YZb3FRfxAFbLXU14tGxVx18AqZ1jo", "expire_date": "2025-08-02T12:23:40.588"}}, {"model": "sessions.session", "pk": "1gh8pt9d2w1283ruzfmlkmu5l7o9a92k", "fields": {"session_data": ".eJxVjDsOwjAQBe_iGlnGf1PS5wzWZneNA8iR4qRC3B0ipYD2zcx7iQzbWvPWeckTiYvw4vS7jYAPbjugO7TbLHFu6zKNclfkQbscZuLn9XD_Dir0-q0tolHKswajAyVUHMiklIpxjs4GAyTSkaM15IIqtpDlYp1HUrHoBOL9Ad3yN-s:1uYVUt:nXhcPlQfqK321WaqcV-j2hIeqz87VuucoYDzzHpVaJU", "expire_date": "2025-07-20T19:57:59.144"}}, {"model": "sessions.session", "pk": "7qwuwq7ji9qvmpmuoejh7v665o3th31x", "fields": {"session_data": ".eJxVj0FuwyAQRe8ya8uCwTHgZfc5QVVZA0xq2gYig5VWUe5e02aT3ej_N0_6NyDv85bqTFtdONXoqcac5jPXJYcC0-sN_m-Y4EKlXPMaoAOqMEl9kKNGNKYXaI0wqoOt8JrozDtduVSE-1sHf_K5VXNsHgNPmSP_yakV4YPSe-59TnWNrm9I_2hLf8yBv14e7JNgobLs30pLckE5JQc1aqvEcFIkEC3TIDWdRmlHRIV7bJi8sl4NVjhhUfI-gpu0cCltP39f4voDk7j_AvFSXt8:1uXpyq:EHLTiqgUFiuVsNx3w3hHzTz99uPrys-cXl6umJeDkBs", "expire_date": "2025-07-18T23:38:08.054"}}, {"model": "sessions.session", "pk": "8qeoyleo1epcbzsijbcil7nhjly4sd5n", "fields": {"session_data": ".eJxVj0FuwyAQRe8ya8sChtjgZfc9QVVZA0xq2gYig9VEUe5e02aT3ej_9580NyDv85bqTFtdONXoqcac5hPXJYcC09sN_m-Y4Eyl_OQ1QAdUYZLjQRpUAnWvrRZmOHSwFV4TnXinK5eq4P7ewZ98btUcm8fAU-bIf3FqRfik9JF7n1Ndo-sb0j_a0r_mwN8vD_ZJsFBZ9jWOklxAh1LjMFoU-ogklLJMWo50HKQdlEK1x4bJo_WorXDCKsnKGG7SwqW0__lyjusVJnH_BeslXtg:1uYVXO:FWXgmiY3RVid8h0G5oYug4Dga_Un2Rt_JyJkMm6TdsQ", "expire_date": "2025-07-20T20:00:34.519"}}, {"model": "sessions.session", "pk": "8y5resbdl474n5j9lpg1y6d79fufgfts", "fields": {"session_data": ".eJxVjDsOwjAQBe_iGlnGf1PS5wzWZneNA8iR4qRC3B0ipYD2zcx7iQzbWvPWeckTiYvw4vS7jYAPbjugO7TbLHFu6zKNclfkQbscZuLn9XD_Dir0-q0tolHKswajAyVUHMiklIpxjs4GAyTSkaM15IIqtpDlYp1HUrHoBOL9Ad3yN-s:1uYPHN:SUfwD-VKGAPu0CYPrH-vDMXTs6ecarGH7VdPOrLVWZ8", "expire_date": "2025-07-20T13:19:37.059"}}, {"model": "sessions.session", "pk": "9bgyxmgofr0k5xc0ohcx1lmow0y3zn3n", "fields": {"session_data": ".eJxVjMEOgyAQRP9lz40REVBv7Y-QZVkiKcVEoZem_15tvHicNzPvA0i01Fzsm9cYInvLL4wJplxTuoHFWmZbN15t9DCBaOECHdKT89FgSgduTl_z35z11tz3xLlEwhKX_DhfF9WM27x7nCLjyJGWxqFUkgcMHITGTqiWhGSnjeauV172znAI7dhR7wcmDt6rEb4_2utJLA:1uavV7:eAq4dCyVsz4D2SsIkuTDjuiPzZ496anoe8KTSyJd4hU", "expire_date": "2025-07-27T12:08:13.221"}}, {"model": "sessions.session", "pk": "a9awgx8nxxrt3hzbx41ustoo8yjmok8w", "fields": {"session_data": ".eJxVj7tuwzAMAP-Fs2EoeliSx-79gqIwGJGu1dZSYMlogiD_3qjNko3gHQ_gFTCEvKc64V4XTjUGrDGnaeW6ZCowvl3hf4YRTljKT94IOsAK48Ea6Yy1TvfOaucH08FeeEu48t1GWmOC23sHf_GpoSm2zgBPuyOGL04N0Cemj9yHnOoWj31T-gct_Wsm_n55uE-BBctyv9YhKCEGlqikJR8EW1Le-1kZQwcVLHqSjp1WZKyY9UyaZ22GQMLN0mOLFi6l_c_nU9wuMIrbL1PwYFA:1ucoNk:_IsmxjUYYl5Bq_IBYczgyIox6VqEUJ5hEa4rW8vzMls", "expire_date": "2025-08-01T16:56:24.900"}}, {"model": "sessions.session", "pk": "b3zrn19mi86elup8f8k1bvm4kqhrd92b", "fields": {"session_data": ".eJxVjMsOgyAURP_lrhsD8hJ37Y-QC1wjKcVEoZum_15t3LicMzPnAxjC0kp1b1rTlCg6emHKMJaW8w0ctjq7ttHqUoQR-AAX6DE8qRwN5nzg7vR1_81Zb919T1RqCljTUh7n66KacZt3jxHKo-wN9oNmhpOfhGXacktcCkRleFTCM6YHpY2VzNpI3CuyigkhScL3B4RZRmk:1ud7U3:sUUvYMV8Snj4zCjNTqdJyuGLRTrHFZi3RssmkIyBKBk", "expire_date": "2025-08-02T13:20:11.022"}}, {"model": "sessions.session", "pk": "g04gvt5reskg93qrqyo3rmocqgxc6s0v", "fields": {"session_data": ".eJxVjMsOgyAURP-FdWPKSy_u6o-QywUiKcVEoZum_15t3LicmTPnw5BoaaXad1hTTMHb8MKU2VhazjdmsdXZti2sNnk2Mt6zS-mQnqEcC-Z81N3p6_7MOW_dY0-h1ERY01Km83VRzbjNu0eqGMlFeVdaRQk9d1oIMuBk1GBAAqJwwIl7o3oPOHiNUkEUgxl2ULPvD6wyR2g:1ucoMq:OVLrj7oQPSAluY4wZCPUn6nUPD9md3OgLYoYuLc6R9I", "expire_date": "2025-08-01T16:55:28.186"}}, {"model": "sessions.session", "pk": "nty1xm0qg10ha0132zkz1lx5dlx8uc48", "fields": {"session_data": ".eJxVj8tOxDAMAP_F56pK82iaHrnzBQhV3tihAZqsmlSAVvvvbGAve7M845F8AfQ-H6kueNSVU40ea8xp2biumQrMLxf4n2GGM5bylXeCDrDCPFgjtRqc0b200-A6OArvCTe-uUhbTHB97eAvvTS0xFYZ4WF3Qv_BqQF6x_SWe59T3eOpb0p_p6V_zsSfT3f3IbBiWW_X2nslxMgSlbTkvGBLyjkXlDE0KG_RkZx40oqMFUEH0hy0GT2JKUiHLVq4lPY9f5_j_gOzuP4CtAxfzw:1ub1bW:MKPmOFFp-oYKq_e9HW20UuDAt818EBTjEcPkS36RwKo", "expire_date": "2025-07-27T18:39:14.301"}}, {"model": "sessions.session", "pk": "pxdg1z00bst9k942xk0zgk9c6sltpvtg", "fields": {"session_data": ".eJxVjMEOgjAQRP9lz4bsQgXKTX-kWbfb0FhLIq0X478rhgvHeTPz3sAiS83FvfQZQ1Tv9MExwZRrSidwXMvs6qpPFz1MQB0c4I3lrnlrOKUNN7uv-W_2em0uv6S5ROESl3zdXwfVzOu8efhsOjW9lX5Q7pECekQrrUEM1KG1rN5QCIqWRx88IbVqWhqMDiIjfL6rxkfK:1ub2GQ:6DYbHLxSZC2V7AvKaysX7q9w6rej9jX4_m7F8JoyDw0", "expire_date": "2025-07-27T19:21:30.578"}}, {"model": "sessions.session", "pk": "s472coivo4nvfeemt0ifxp3r54gmegkd", "fields": {"session_data": ".eJxVj8tOwzAQRf9l1lHkRxLbWbLnCxCKxvaUGKhdZRwBqvrvxNBNd6N7zz3SXAFDKHuuC-51pVxTwJpKXs5U1xIZ5pcr_N8wwwWZv8oWoQOsMEszKmmFNbYfRy1G6zrYmbaMZzroSlwV3F47-JMvrVpS81h4yDyGD8qtiO-Y30ofSq5b8n1D-nvL_XOJ9Pl0Zx8EK_J6rLWR6KP2Wg56Mk6L4aRRKOUIB2nwNEk3KaXVEVvCoF3QgxNeOCVJWUtNysTc_qfvS9p-YBa3X_V4XuQ:1uZyHu:VQiGJczpUCII0U_IiRnG6AXEiuPODrRkFugqI93vJe4", "expire_date": "2025-07-24T20:54:38.577"}}, {"model": "sessions.session", "pk": "ugj6wz0zgbr7dkvuk24w9zfqiiqeqrcd", "fields": {"session_data": ".eJxVjE0OgjAQhe8ya0MQCtOy04s00840NNaSSOvGeHfBsGH18v6-D5D3S83FvuUVQxS28qSYYMo1pQtYqmW2dZWXjQwTGDhljvxD8l5QSnvcHLjmvznqtbltTnKJnkpc8v14nVAzrfPG0eQdjzyiv46MLRsnBgVJEWrHph_0ELrQa1LC0rbdgH3YVCsxTqHq4PsDpKlH-w:1uYPJ2:fp7tIza67KE0KJw-i3nfrJnYk0CvWSjUG1b8csar8Co", "expire_date": "2025-07-20T13:21:20.756"}}, {"model": "sessions.session", "pk": "vwo68n1gsgm6p5t4enn23zzghh30zcrx", "fields": {"session_data": ".eJxVjEEOgyAURO_CujFQ4SPu6kXIBz6RlGKi0E3Tu1cbNy7nzcz7MPR-aaXaN60pJgqWXpgyG0vL-cYstjrbttFqU2AjE4pdoEP_pHI0mPOBu9PX_TdnvXWPPVGpyWNNS5nO10U14zbvnqAdp54PBIq76MBpaThIxZETeB2FcYOGQI6CDgIMCm2gV_4uDcQ4SPb9AbWnR8o:1ucUt0:JTIbvXRE2wst9QdpRbmDOJZ2Kzj1jOYOc5IQf5zzm_s", "expire_date": "2025-07-31T20:07:22.865"}}, {"model": "sessions.session", "pk": "xtxgbs06329fkrodfl5xquvz8h958x9k", "fields": {"session_data": ".eJxVjDsOwjAQBe_iGlnGf1PS5wzWZneNA8iR4qRC3B0ipYD2zcx7iQzbWvPWeckTiYvw4vS7jYAPbjugO7TbLHFu6zKNclfkQbscZuLn9XD_Dir0-q0tolHKswajAyVUHMiklIpxjs4GAyTSkaM15IIqtpDlYp1HUrHoBOL9Ad3yN-s:1ug1fI:d_9ik17HNCyO3e_byBsQs3mwlYCTweh2-qwCFASf89Q", "expire_date": "2025-08-10T13:43:48.171"}}, {"model": "sites.site", "pk": 1, "fields": {"domain": "example.com", "name": "example.com"}}, {"model": "posts.author", "pk": 1, "fields": {"name": "author1", "user": 3, "rating": 12}}, {"model": "posts.author", "pk": 2, "fields": {"name": "author2", "user": 4, "rating": 8}}, {"model": "posts.category", "pk": 1, "fields": {"name": "Шутки"}}, {"model": "posts.category", "pk": 2, "fields": {"name": "Обзор"}}, {"model": "posts.category", "pk": 3, "fields": {"name": "Истории из жизни"}}, {"model": "posts.category", "pk": 4, "fields": {"name": "Новости"}}, {"model": "posts.userscategory", "pk": 12, "fields": {"user": 8, "category": 2}}, {"model": "posts.userscategory", "pk": 13, "fields": {"user": 10, "category": 4}}, {"model": "posts.userscategory", "pk": 14, "fields": {"user": 10, "category": 1}}, {"model": "posts.userscategory", "pk": 15, "fields": {"user": 10, "category": 2}}, {"model": "posts.userscategory", "pk": 16, "fields": {"user": 10, "category": 3}}, {"model": "posts.userscategory", "pk": 21, "fields": {"user": 15, "category": 3}}, {"model": "posts.userscategory", "pk": 22, "fields": {"user": 15, "category": 2}}, {"model": "posts.userscategory", "pk": 23, "fields": {"user": 15, "category": 4}}, {"model": "posts.userscategory", "pk": 24, "fields": {"user": 15, "category": 1}}, {"model": "posts.userscategory", "pk": 25, "fields": {"user": 16, "category": 2}}, {"model": "posts.userscategory", "pk": 26, "fields": {"user": 16, "category": 4}}, {"model": "posts.userscategory", "pk": 27, "fields": {"user": 16, "category": 3}}, {"model": "posts.userscategory", "pk": 28, "fields": {"user": 16, "category": 1}}, {"model": "posts.userscategory", "pk": 33, "fields": {"user": 18, "category": 3}}, {"model": "posts.userscategory", "pk": 34, "fields": {"user": 18, "category": 4}}, {"model": "posts.userscategory", "pk": 35, "fields": {"user": 18, "category": 2}}, {"model": "posts.userscategory", "pk": 36, "fields": {"user": 18, "category": 1}}, {"model": "posts.post", "pk": 1, "fields": {"author": 1, "type": "st", "time_create": "2025-06-08T22:04:40.044", "title": "Спасибо, Wildberrie", "text_news": "Жена любитель посидеть на WB, постоянно заказывала кучу вещей. По карману это не слишком било, больше всего не нравилось, что меня частенько отправляли прогуляться до пвз, забрать заказ или вернуть. Когда ввели платный возврат на площадке на некоторые позиции - количество заказов значительно уменьшилось, но они все же продолжались. И вот ввели платную доставку… Мою жену как отрезало, ни одного заказа больше! Пусть доставка 10-20 рублей стоит, все равно - нет.", "rating_news": 5}}, {"model": "posts.post", "pk": 2, "fields": {"author": 1, "type": "st", "time_create": "2025-06-08T22:13:28.223", "title": "Барсик", "text_news": "Очень похожая ситуация сейчас. Только пока до суда не дошло, в целом, думаю, что и не дойдет. У бабушки с дедушкой трое детей: моя мама, тётя и дядя. С дядей отношений никто не поддерживал, он в своё время очень обиделся, что родители отказались отдать ему квартиру (была ещё одна в наследство), а продали её и разделили между своими детьми. Мотивировал так: он старший, он первенец, единственный мальчик, и ему квартира положена. Ну, собственно, ба и де положили на его мнение и разделили деньги поровну. Дядя деньги взял, но общение прекратил. Даже когда бабушка сломала шейку бедра, не стал её навещать, никакой помощи не было.", "rating_news": -3}}, {"model": "posts.post", "pk": 3, "fields": {"author": 1, "type": "nw", "time_create": "2025-06-08T22:17:09.262", "title": "Новая фобия: в Ростове стиральная машина чуть не спалила квартиру", "text_news": "В Ростове стиральная машина чуть не спалила квартиру. Об этом сообщает МЧС России. Прибор загорелся во время стирки на глазах у хозяина. По словам пожарных, мужчина вовремя сориентировался. Он сбил пламя огнетушителем и подручными средствами. Спасатели прибыли на место пожара и убедились, что огонь потушен и нет тления. Изменения. Еще изменения", "rating_news": 0}}, {"model": "posts.post", "pk": 4, "fields": {"author": 1, "type": "st", "time_create": "2025-06-22T19:02:03.114", "title": "Новая Новость", "text_news": "Первое заполнения новости из окна браузера.", "rating_news": 0}}, {"model": "posts.post", "pk": 5, "fields": {"author": 1, "type": "st", "time_create": "2025-06-23T00:03:11.487", "title": "Добавляю новость", "text_news": "Это новость в базе должна быть с пометкой nw", "rating_news": 0}}, {"model": "posts.post", "pk": 6, "fields": {"author": 1, "type": "st", "time_create": "2025-06-23T00:04:00.684", "title": "Это статья", "text_news": "Эта статья должна быть помечена в базе 'st'", "rating_news": 0}}, {"model": "posts.post", "pk": 13, "fields": {"author": 1, "type": "nw", "time_create": "2025-06-23T20:25:33.220", "title": "Создание новости", "text_news": "Под титулом должно отражаться слово \"Новость\"", "rating_news": 200}}, {"model": "posts.post", "pk": 14, "fields": {"author": 2, "type": "st", "time_create": "2025-06-23T20:26:22.978", "title": "Создание статьи", "text_news": "Под названием должно отображаться слово \"Статья\"", "rating_news": 0}}, {"model": "posts.post", "pk": 15, "fields": {"author": 1, "type": "st", "time_create": "2025-06-27T08:56:46.368", "title": "Статья", "text_news": "Это должна быть статья", "rating_news": 0}}, {"model": "posts.post", "pk": 16, "fields": {"author": 1, "type": "nw", "time_create": "2025-06-27T08:57:19.512", "title": "Это новость с  пометкой", "text_news": "С пометкой ST...", "rating_news": 0}}, {"model": "posts.post", "pk": 17, "fields": {"author": 2, "type": "nw", "time_create": "2025-06-27T09:23:47.631", "title": "xcgdx", "text_news": "svgxvxc", "rating_news": 200}}, {"model": "posts.post", "pk": 18, "fields": {"author": 2, "type": "nw", "time_create": "2025-06-27T09:25:16.535", "title": "dgfh", "text_news": "ghkjghieryer", "rating_news": 10}}, {"model": "posts.post", "pk": 19, "fields": {"author": 2, "type": "nw", "time_create": "2025-06-27T09:25:44.898", "title": "dsfgdfgdf", "text_news": "xbgdfgddg", "rating_news": 127}}, {"model": "posts.post", "pk": 20, "fields": {"author": 1, "type": "nw", "time_create": "2025-07-06T20:09:17.391", "title": "20 новость в учебном проекте", "text_news": "Новость создана и изменена на статью.", "rating_news": 0}}, {"model": "posts.post", "pk": 21, "fields": {"author": 1, "type": "nw", "time_create": "2025-07-13T12:09:49.726", "title": "Новая шутка", "text_news": "Попадают как-то на необетаемый остров Илья Муромец, Алёша Попович и Добрыня Никитич.. и дулорывпыж", "rating_news": 0}}, {"model": "posts.post", "pk": 22, "fields": {"author": 2, "type": "nw", "time_create": "2025-07-13T12:15:23.865", "title": "vcbdb", "text_news": "fdgdfgdfg", "rating_news": 0}}, {"model": "posts.post", "pk": 23, "fields": {"author": 2, "type": "nw", "time_create": "2025-07-13T12:21:38.141", "title": "vcbdb", "text_news": "fdgdfgdfg", "rating_news": 0}}, {"model": "posts.post", "pk": 24, "fields": {"author": 2, "type": "nw", "time_create": "2025-07-13T12:22:01.646", "title": "vbdcvx", "text_news": "fdvbdfgvdfvgd", "rating_news": 0}}, {"model": "posts.post", "pk": 25, "fields": {"author": 2, "type": "nw", "time_create": "2025-07-13T12:24:45.830", "title": "fgdfsg", "text_news": "dsgsdgswe", "rating_news": 0}}, {"model": "posts.post", "pk": 26, "fields": {"author": 1, "type": "nw", "time_create": "2025-07-13T12:28:05.903", "title": "sdvfgdsfs", "text_news": "rghdfgbcd", "rating_news": 0}}, {"model": "posts.post", "pk": 27, "fields": {"author": 1, "type": "nw", "time_create": "2025-07-13T12:29:04.870", "title": "sdfgdf", "text_news": "dfgdfgdfgd", "rating_news": 0}}, {"model": "posts.post", "pk": 28, "fields": {"author": 1, "type": "nw", "time_create": "2025-07-13T18:39:43.550", "title": "Новая статья", "text_news": "Проверка отправки письма на электиронную почту", "rating_news": 0}}, {"model": "posts.post", "pk": 29, "fields": {"author": 2, "type": "nw", "time_create": "2025-07-13T18:50:47.847", "title": "Еще одна статья для проверки", "text_news": "Ещё одна статья для проверки отправки письма на электронную почту потписчика", "rating_news": 0}}, {"model": "posts.post", "pk": 30, "fields": {"author": 2, "type": "nw", "time_create": "2025-07-13T18:51:51.973", "title": "Еще одна статья для проверки", "text_news": "Ещё одна статья для проверки отправки письма на электронную почту потписчика", "rating_news": 0}}, {"model": "posts.post", "pk": 31, "fields": {"author": 1, "type": "st", "time_create": "2025-07-17T20:09:10.891", "title": "Новый пост через админ панель", "text_news": "Новый пост для проверки отправки письма через сигналы.", "rating_news": 0}}, {"model": "posts.post", "pk": 32, "fields": {"author": 1, "type": "nw", "time_create": "2025-07-17T20:15:16.048", "title": "Создаю статью через форму", "text_news": "Создаю статью через форму, что бы понять почему не отправляется письмо. Или отправляется.", "rating_news": 0}}, {"model": "posts.post", "pk": 33, "fields": {"author": 1, "type": "nw", "time_create": "2025-07-17T20:28:55.134", "title": "Очередная проверочная статья", "text_news": "Проверяем всё.", "rating_news": 0}}, {"model": "posts.post", "pk": 34, "fields": {"author": 1, "type": "nw", "time_create": "2025-07-17T20:34:39.045", "title": "Всё отладил", "text_news": "Сейчас точно заработает", "rating_news": 0}}, {"model": "posts.post", "pk": 35, "fields": {"author": 2, "type": "nw", "time_create": "2025-07-17T20:36:47.209", "title": "А может и не всё", "text_news": "Но истина где-то рядом. Будет жалко, если с утра я встану в всё забуду. Но повтарение - мать учения. Может оно будет и к лучшему.", "rating_news": 0}}, {"model": "posts.post", "pk": 36, "fields": {"author": 1, "type": "nw", "time_create": "2025-07-17T20:45:58.367", "title": "Летс Трай эгейн", "text_news": "Теперь я добавил на каждый этап принты и протянул выбор категорий через связь PostCategory это должно исправить ошибку.", "rating_news": 0}}, {"model": "posts.post", "pk": 37, "fields": {"author": 1, "type": "nw", "time_create": "2025-07-17T20:55:26.644", "title": "Ну и последние.", "text_news": "Сигнал не срабатывал, потому  что во вьюхи создания, сначала сохранялся пост, потом включался сигнал, а потом сохранялась связь М2М. Теперь я поменял местами, теперь связь должна сохраниться первой.\r\nА это вызвало ошибку. Тогда меняем сигнал с post_save на m2m_changed", "rating_news": 0}}, {"model": "posts.post", "pk": 38, "fields": {"author": 1, "type": "nw", "time_create": "2025-07-17T20:58:55.818", "title": "m2m_changed не сделал ничего.", "text_news": "m2m_changed этот сигнал ни чего не сделал при создании поста. потому что я не поменял переменную create на переменную action.", "rating_news": 0}}, {"model": "posts.post", "pk": 39, "fields": {"author": 2, "type": "nw", "time_create": "2025-07-17T21:19:32.533", "title": "Ещё", "text_news": "попытка. Посоветовали добавить пост_сейв. Тоесть получиться\r\n        post.save()\r\n        form.save_m2m()\r\n        post.save()", "rating_news": 0}}, {"model": "posts.post", "pk": 40, "fields": {"author": 1, "type": "nw", "time_create": "2025-07-17T21:26:00.095", "title": "Создал", "text_news": "создал проверку на сохранение в БД, которое вызывает функцию отправки эл. писем", "rating_news": 0}}, {"model": "posts.post", "pk": 41, "fields": {"author": 1, "type": "nw", "time_create": "2025-07-17T21:28:20.729", "title": "В пи**у", "text_news": "Очередное создание новости.", "rating_news": 0}}, {"model": "posts.post", "pk": 42, "fields": {"author": 1, "type": "nw", "time_create": "2025-07-17T21:32:07.795", "title": "Надо создать новую категорию", "text_news": "Боль и унижение. Посидел часик перед сном....", "rating_news": 0}}, {"model": "posts.post", "pk": 43, "fields": {"author": 1, "type": "nw", "time_create": "2025-07-18T16:57:02.965", "title": "Восемнадцатое июля", "text_news": "Очередная попытка создания статьи для проверки отправки письма.", "rating_news": 0}}, {"model": "posts.post", "pk": 44, "fields": {"author": 1, "type": "nw", "time_create": "2025-07-18T17:00:14.824", "title": "Восемнадцатое июля", "text_news": "Очередная попытка создания статьи для проверки отправки письма.", "rating_news": 0}}, {"model": "posts.post", "pk": 45, "fields": {"author": 1, "type": "nw", "time_create": "2025-07-18T17:00:48.303", "title": "Восемнадцатое июля", "text_news": "Очередная попытка создания статьи для проверки отправки письма.", "rating_news": 0}}, {"model": "posts.post", "pk": 46, "fields": {"author": 1, "type": "nw", "time_create": "2025-07-18T17:02:34.806", "title": "Восемнадцатое июля_1", "text_news": "Теперь попробуем, не дублируются ли письма, если пост имеет 2 категории", "rating_news": 0}}, {"model": "posts.post", "pk": 47, "fields": {"author": 1, "type": "nw", "time_create": "2025-07-18T17:14:05.071", "title": "Восемнадцатое июля_2", "text_news": "Ещё попытка, возможно поправил", "rating_news": 0}}, {"model": "posts.post", "pk": 48, "fields": {"author": 1, "type": "nw", "time_create": "2025-07-18T17:17:44.893", "title": "Восемнадцатое июля_#", "text_news": "Ещё и орут на меня", "rating_news": 0}}, {"model": "posts.post", "pk": 49, "fields": {"author": 1, "type": "nw", "time_create": "2025-07-19T12:24:01.411", "title": "19 июля", "text_news": "Продолжаем карнавал", "rating_news": 0}}, {"model": "posts.post", "pk": 50, "fields": {"author": 1, "type": "nw", "time_create": "2025-07-19T12:52:48.373", "title": "19 июля", "text_news": "Продолжаем карнавал", "rating_news": 0}}, {"model": "posts.post", "pk": 51, "fields": {"author": 1, "type": "nw", "time_create": "2025-07-19T12:57:46.778", "title": "Не знаю сколько ограничения у Mail", "text_news": "Но помоему на 100 писем в час. Для тестов должно хватить", "rating_news": 0}}, {"model": "posts.post", "pk": 52, "fields": {"author": 1, "type": "nw", "time_create": "2025-07-19T13:02:03.153", "title": "Письмо", "text_news": "Категории в письмах отображаются не должным образом\r\n\"\"\"\r\nЗдравствуйте, test11! Новая статья в вашей любимой категории \"['Истории из жизни', 'Новости']\":\r\nНе знаю сколько ограничения у Mail\r\n\r\nНо помоему на 100 писем в час. Для тестов должно …\"\"\"", "rating_news": 0}}, {"model": "posts.post", "pk": 53, "fields": {"author": 1, "type": "nw", "time_create": "2025-07-19T13:05:20.510", "title": "Исправленно", "text_news": "Я думаю, я поправил эту мелоч. Как будто дневник веду. \r\nДорогой дневник, я изучаю Django.", "rating_news": 0}}, {"model": "posts.post", "pk": 54, "fields": {"author": 1, "type": "nw", "time_create": "2025-07-19T13:16:25.291", "title": "Восстание машин", "text_news": "ИИ переписал код, который работал. Проверем", "rating_news": 0}}, {"model": "posts.post", "pk": 55, "fields": {"author": 1, "type": "nw", "time_create": "2025-07-19T13:17:12.792", "title": "Восстание машин", "text_news": "ИИ переписал код, который работал. Проверем", "rating_news": 0}}, {"model": "posts.post", "pk": 56, "fields": {"author": 1, "type": "st", "time_create": "2025-07-27T13:44:55.011", "title": "Новый пост для проверки кэш", "text_news": "Добавляю пост через админ панель. Он не должен отобразиться в списке всех новостей.", "rating_news": 0}}, {"model": "posts.post", "pk": 57, "fields": {"author": 2, "type": "st", "time_create": "2025-07-27T13:45:39.645", "title": "Обнавляю пост", "text_news": "Чтобы проверить кеширование одного поста.\r\nВ течении 5 минут, я не должен этого видеть.", "rating_news": 0}}, {"model": "posts.postcategory", "pk": 1, "fields": {"post": 1, "category": 3}}, {"model": "posts.postcategory", "pk": 2, "fields": {"post": 2, "category": 3}}, {"model": "posts.postcategory", "pk": 3, "fields": {"post": 3, "category": 3}}, {"model": "posts.postcategory", "pk": 4, "fields": {"post": 3, "category": 1}}, {"model": "posts.postcategory", "pk": 5, "fields": {"post": 3, "category": 4}}, {"model": "posts.postcategory", "pk": 7, "fields": {"post": 5, "category": 2}}, {"model": "posts.postcategory", "pk": 8, "fields": {"post": 5, "category": 3}}, {"model": "posts.postcategory", "pk": 9, "fields": {"post": 14, "category": 1}}, {"model": "posts.postcategory", "pk": 10, "fields": {"post": 14, "category": 3}}, {"model": "posts.postcategory", "pk": 11, "fields": {"post": 18, "category": 1}}, {"model": "posts.postcategory", "pk": 12, "fields": {"post": 21, "category": 1}}, {"model": "posts.postcategory", "pk": 13, "fields": {"post": 21, "category": 2}}, {"model": "posts.postcategory", "pk": 14, "fields": {"post": 22, "category": 1}}, {"model": "posts.postcategory", "pk": 15, "fields": {"post": 23, "category": 1}}, {"model": "posts.postcategory", "pk": 16, "fields": {"post": 24, "category": 3}}, {"model": "posts.postcategory", "pk": 17, "fields": {"post": 25, "category": 1}}, {"model": "posts.postcategory", "pk": 18, "fields": {"post": 26, "category": 4}}, {"model": "posts.postcategory", "pk": 19, "fields": {"post": 27, "category": 1}}, {"model": "posts.postcategory", "pk": 20, "fields": {"post": 28, "category": 1}}, {"model": "posts.postcategory", "pk": 21, "fields": {"post": 28, "category": 2}}, {"model": "posts.postcategory", "pk": 22, "fields": {"post": 28, "category": 3}}, {"model": "posts.postcategory", "pk": 23, "fields": {"post": 28, "category": 4}}, {"model": "posts.postcategory", "pk": 24, "fields": {"post": 29, "category": 1}}, {"model": "posts.postcategory", "pk": 25, "fields": {"post": 29, "category": 2}}, {"model": "posts.postcategory", "pk": 26, "fields": {"post": 30, "category": 1}}, {"model": "posts.postcategory", "pk": 27, "fields": {"post": 30, "category": 2}}, {"model": "posts.postcategory", "pk": 28, "fields": {"post": 31, "category": 3}}, {"model": "posts.postcategory", "pk": 29, "fields": {"post": 32, "category": 1}}, {"model": "posts.postcategory", "pk": 30, "fields": {"post": 33, "category": 3}}, {"model": "posts.postcategory", "pk": 31, "fields": {"post": 34, "category": 2}}, {"model": "posts.postcategory", "pk": 32, "fields": {"post": 35, "category": 1}}, {"model": "posts.postcategory", "pk": 33, "fields": {"post": 36, "category": 1}}, {"model": "posts.postcategory", "pk": 34, "fields": {"post": 37, "category": 3}}, {"model": "posts.postcategory", "pk": 35, "fields": {"post": 38, "category": 1}}, {"model": "posts.postcategory", "pk": 36, "fields": {"post": 39, "category": 1}}, {"model": "posts.postcategory", "pk": 37, "fields": {"post": 40, "category": 1}}, {"model": "posts.postcategory", "pk": 38, "fields": {"post": 41, "category": 3}}, {"model": "posts.postcategory", "pk": 39, "fields": {"post": 42, "category": 1}}, {"model": "posts.postcategory", "pk": 40, "fields": {"post": 45, "category": 1}}, {"model": "posts.postcategory", "pk": 41, "fields": {"post": 46, "category": 1}}, {"model": "posts.postcategory", "pk": 42, "fields": {"post": 46, "category": 2}}, {"model": "posts.postcategory", "pk": 43, "fields": {"post": 47, "category": 1}}, {"model": "posts.postcategory", "pk": 44, "fields": {"post": 47, "category": 2}}, {"model": "posts.postcategory", "pk": 45, "fields": {"post": 48, "category": 1}}, {"model": "posts.postcategory", "pk": 46, "fields": {"post": 48, "category": 2}}, {"model": "posts.postcategory", "pk": 47, "fields": {"post": 50, "category": 1}}, {"model": "posts.postcategory", "pk": 48, "fields": {"post": 50, "category": 2}}, {"model": "posts.postcategory", "pk": 49, "fields": {"post": 51, "category": 3}}, {"model": "posts.postcategory", "pk": 50, "fields": {"post": 51, "category": 4}}, {"model": "posts.postcategory", "pk": 51, "fields": {"post": 52, "category": 1}}, {"model": "posts.postcategory", "pk": 52, "fields": {"post": 52, "category": 2}}, {"model": "posts.postcategory", "pk": 53, "fields": {"post": 52, "category": 3}}, {"model": "posts.postcategory", "pk": 54, "fields": {"post": 53, "category": 1}}, {"model": "posts.postcategory", "pk": 55, "fields": {"post": 53, "category": 3}}, {"model": "posts.postcategory", "pk": 56, "fields": {"post": 55, "category": 1}}, {"model": "posts.postcategory", "pk": 57, "fields": {"post": 55, "category": 3}}, {"model": "posts.postcategory", "pk": 58, "fields": {"post": 56, "category": 2}}, {"model": "posts.postcategory", "pk": 59, "fields": {"post": 57, "category": 2}}, {"model": "posts.comment", "pk": 1, "fields": {"post": 1, "user": 3, "comment_text": "Автар жжот, продолжай", "time_create": "2025-06-08T22:38:04.904", "rating_comment": 2}}, {"model": "posts.comment", "pk": 2, "fields": {"post": 1, "user": 4, "comment_text": "Одной рукой печатаю, втрой слезы счастья вытираю.", "time_create": "2025-06-08T22:39:46.973", "rating_comment": 2}}, {"model": "posts.comment", "pk": 3, "fields": {"post": 2, "user": 3, "comment_text": "Причем тут барсик?", "time_create": "2025-06-08T22:40:51.015", "rating_comment": 0}}, {"model": "posts.comment", "pk": 4, "fields": {"post": 3, "user": 4, "comment_text": "Шутки шутками, а футки футками", "time_create": "2025-06-08T22:41:45.634", "rating_comment": 3}}, {"model": "account.emailaddress", "pk": 1, "fields": {"user": 7, "email": "1234@123er.ru", "verified": false, "primary": true}}, {"model": "account.emailaddress", "pk": 2, "fields": {"user": 8, "email": "1234@wdsfs.ru", "verified": false, "primary": true}}, {"model": "account.emailaddress", "pk": 3, "fields": {"user": 6, "email": "asd@dfs.ru", "verified": false, "primary": false}}, {"model": "account.emailaddress", "pk": 4, "fields": {"user": 9, "email": "ssdfsdf@sdfsdf.ru", "verified": false, "primary": true}}, {"model": "account.emailaddress", "pk": 6, "fields": {"user": 10, "email": "toshe4ka08@gmail.com", "verified": false, "primary": false}}, {"model": "account.emailaddress", "pk": 9, "fields": {"user": 13, "email": "mmlqj@mechanicspedia.com", "verified": false, "primary": true}}, {"model": "account.emailaddress", "pk": 10, "fields": {"user": 14, "email": "89q20@mechanicspedia.com", "verified": true, "primary": true}}, {"model": "account.emailaddress", "pk": 11, "fields": {"user": 15, "email": "k8lde@mechanicspedia.com", "verified": false, "primary": true}}, {"model": "account.emailaddress", "pk": 12, "fields": {"user": 16, "email": "w07pc@mechanicspedia.com", "verified": false, "primary": true}}, {"model": "account.emailaddress", "pk": 13, "fields": {"user": 17, "email": "5l1q1@mechanicspedia.com", "verified": false, "primary": true}}, {"model": "account.emailaddress", "pk": 14, "fields": {"user": 18, "email": "kvzyu@mechanicspedia.com", "verified": false, "primary": true}}, {"model": "socialaccount.socialaccount", "pk": 1, "fields": {"user": 5, "provider": "yandex", "uid": "1638107368", "last_login": "2025-06-30T21:38:23.802", "date_joined": "2025-06-30T21:29:49.529", "extra_data": {"id": "1638107368", "login": "nphne-j65nijue", "client_id": "9beb35fd4c0d403d940045017662fcca", "display_name": "Антон Коваленко", "real_name": "Антон Коваленко", "first_name": "Антон", "last_name": "Коваленко", "sex": "male", "default_email": "", "emails": [], "psuid": "1.AAAAAA.rlXo1XORnPKJxNLxScC6iQ.vghyTKOJpbNMfj5E8VWppw"}}}]